{
  "tasks": [
    {
      "id": 1,
      "linkbitrix": "https://bitrix.distribuidorapaisa.com/company/personal/user/4129/tasks/task/view/62933/",
      "nobitrix": 66424,
      "status": {
        "id": 1,
        "description": "To Do"
      },
      "title": "ASN - Transferencia",
      "project": "SAIF",
      "description": "Lorem, ipsum dolor sit amet consectetur adipisicing elit. Et corporis quaerat facere ut? Iste nisi perspiciatis debitis, mollitia.",
      "user": {
        "name": "Johan",
        "lastname": "Godinez",
        "avatar": "https://www.pngall.com/wp-content/uploads/12/Avatar-PNG-Image.png",
        "username": "jgodinez"
      }
    },
    {
      "id": 2,
      "linkbitrix": "https://bitrix.distribuidorapaisa.com/company/personal/user/4129/tasks/task/view/62933/",
      "nobitrix": 66424,
      "status": {
        "id": 2,
        "description": "In Progress"
      },
      "title": "ASN - Devoluciones clientes",
      "project": "SAIF",
      "description": "Lorem, ipsum dolor sit amet consectetur adipisicing elit. Et corporis quaerat facere ut? Iste nisi perspiciatis debitis, mollitia.",
      "user": {
        "name": "Johan",
        "lastname": "Godinez",
        "avatar": "https://www.pngall.com/wp-content/uploads/12/Avatar-PNG-Image.png",
        "username": "jgodinez"
      }
    },
    {
      "id": 3,
      "linkbitrix": "https://bitrix.distribuidorapaisa.com/company/personal/user/4129/tasks/task/view/62933/",
      "nobitrix": 66424,
      "status": {
        "id": 4,
        "description": "Done"
      },
      "title": "Correcion compras",
      "project": "SAIF",
      "description": "Lorem, ipsum dolor sit amet consectetur adipisicing elit. Et corporis quaerat facere ut? Iste nisi perspiciatis debitis, mollitia.",
      "user": {
        "name": "Diego",
        "lastname": "Madrigal",
        "avatar": "https://www.pngall.com/wp-content/uploads/12/Avatar-PNG-Image.png",
        "username": "dmadrigal"
      }
    },
    {
      "id": 4,
      "linkbitrix": "https://bitrix.distribuidorapaisa.com/company/personal/user/4129/tasks/task/view/62933/",
      "nobitrix": 66424,
      "status": {
        "id": 1,
        "description": "To Do"
      },
      "title": "Web - Cambios",
      "project": "PedidosWeb",
      "description": "Lorem, ipsum dolor sit amet consectetur adipisicing elit. Et corporis quaerat facere ut? Iste nisi perspiciatis debitis, mollitia.",
      "user": {
        "name": "William",
        "lastname": "Tellez",
        "avatar": "https://www.pngall.com/wp-content/uploads/12/Avatar-PNG-Image.png",
        "username": "wtellez"
      }
    }
  ],
  "panels": [
    {
      "id": 1,
      "name": "To Do"
    },
    {
      "id": 1,
      "name": "In Progress"
    },
    {
      "id": 1,
      "name": "Testing"
    },
    {
      "id": 1,
      "name": "Done"
    }
  ],
  "users": [
    {
      "id": 1,
      "name": "Johan",
      "lastname": "Godinez",
      "avatar": "#",
      "username": "jgodinez"
    },
    {
      "id": 2,
      "name": "Diego",
      "lastname": "Madrigal",
      "avatar": "#",
      "username": "dmadrigal"
    },
    {
      "id": 1,
      "name": "William",
      "lastname": "Gonzalez",
      "avatar": "#",
      "username": "wgonzalez"
    }
  ]
}